{
    "camera":[
        {"product_code":"PRODUCT_CA0001", "img":"./img/camera/lens/001.png", "product":"ZV-1M2", "info":"ZV-1M2","soldout":"일시품절","price":1090000,"new":"NEW"},
        {"product_code":"PRODUCT_CA0002", "img":"./img/camera/lens/002.png", "product":"ILCE-7RM3A", "info":"약 4240만 화소와 10연사로 속도와 화질을 완성하다","soldout":"일시품절","price":3090000,"new":""},
        {"product_code":"PRODUCT_CA0003", "img":"./img/camera/lens/003.png", "product":"SELP1635G", "info":"크리에이터를 위한 광각 파워 줌렌즈","soldout":"일시품절","price":1699000,"new":""},
        {"product_code":"PRODUCT_CA0004", "img":"./img/camera/lens/004.png", "product":"SEL100400GM", "info":"초망원 영역까지 커버하는 최고급 장망원 GM 렌즈","soldout":"","price":3099000,"new":""},
        {"product_code":"PRODUCT_CA0005", "img":"./img/camera/lens/005.png", "product":"SEL24105G", "info":"프리미엄 표준 줌렌즈의 탄생","soldout":"일시품절","price":1649000,"new":""},
        {"product_code":"PRODUCT_CA0006", "img":"./img/camera/lens/006.png", "product":"ZV-E1", "info":"첫번째 풀프레임 브이로그 카메라","soldout":"일시품절","price":2790000,"new":"NEW"},
        {"product_code":"PRODUCT_CA0007", "img":"./img/camera/lens/007.png", "product":"ZV-E1L", "info":"첫번째 풀프레임 브이로그 카메라","soldout":"일시품절","price":3190000,"new":"NEW"},
        {"product_code":"PRODUCT_CA0008", "img":"./img/camera/lens/008.png", "product":"ILCE-7M3K", "info":"모두를 위한 완벽한 선택 7M3","soldout":"일시품절","price":2749000,"new":""},
        {"product_code":"PRODUCT_CA0009", "img":"./img/camera/lens/009.png", "product":"SEL50F14GM", "info":"G Master, 표준을 가볍게 만나다","soldout":"","price":1999000,"new":""},
        {"product_code":"PRODUCT_CA0010", "img":"./img/camera/lens/010.png", "product":"SEL2070G", "info":"더 가볍게, 더 넓게","soldout":"일시품절","price":1699000,"new":""},
        {"product_code":"PRODUCT_CA0011", "img":"./img/camera/lens/011.png", "product":"ILCE-7RM5", "info":"생각을 AI로 표현하다","soldout":"일시품절","price":5290000,"new":"NEW"},
        {"product_code":"PRODUCT_CA0012", "img":"./img/camera/lens/012.png", "product":"ZV-1F", "info":"나를 담는 브이로그 카메라 ZV-1F","soldout":"","price":759000,"new":""},
        {"product_code":"PRODUCT_CA0013", "img":"./img/camera/lens/013.png", "product":"SEL15F14G", "info":"F1.4 초광각 APS-C 렌즈","soldout":"일시품절","price":999000,"new":""},
        {"product_code":"PRODUCT_CA0014", "img":"./img/camera/lens/014.png", "product":"SEL11F18", "info":"대구경 초광각 APS-C 렌즈","soldout":"","price":709000,"new":""},
        {"product_code":"PRODUCT_CA0015", "img":"./img/camera/lens/015.png", "product":"SELP1020G", "info":"파워줌 초광각 APS-C 렌즈","soldout":"일시품절","price":999000,"new":""},
        {"product_code":"PRODUCT_CA0016", "img":"./img/camera/lens/016.png", "product":"SEL2470GM2", "info":"미래형 렌즈의 완성","soldout":"일시품절","price":2890000,"new":""},
        {"product_code":"PRODUCT_CA0017", "img":"./img/camera/lens/017.png", "product":"SELC1635G", "info":"프로페셔널 시네마 초광각 줌렌즈","soldout":"일시품절","price":7999000,"new":""},
        {"product_code":"PRODUCT_CA0018", "img":"./img/camera/lens/018.png", "product":"ILCE-7M4K", "info":"The Camera","soldout":"","price":3340000,"new":""},
        {"product_code":"PRODUCT_CA0019", "img":"./img/camera/lens/019.png", "product":"ILCE-7M4", "info":"The Camera","soldout":"","price":3090000,"new":""},
        {"product_code":"PRODUCT_CA0020", "img":"./img/camera/lens/020.png", "product":"SEL70200GM2", "info":"망원 렌즈의 새로운 패러다임","soldout":"일시품절","price":3390000,"new":""},
        {"product_code":"PRODUCT_CA0021", "img":"./img/camera/lens/021.png", "product":"ZV-E10L", "info":"데일리 렌즈교환식 브이로그 카메라","soldout":"일시품절","price":948000,"new":"NEW"},
        {"product_code":"PRODUCT_CA0022", "img":"./img/camera/lens/022.png", "product":"ZV-E10", "info":"데일리 렌즈교환식 브이로그 카메라","soldout":"","price":848000,"new":""},
        {"product_code":"PRODUCT_CA0023", "img":"./img/camera/lens/023.png", "product":"SEL14F18GM", "info":"초광각의 새로운 역사","soldout":"","price":1999000,"new":""},
        {"product_code":"PRODUCT_CA0024", "img":"./img/camera/compact/001.png", "product":"ZV-1M2", "info":"ZV-1M2","soldout":"일시품절","price":1090000,"new":"NEW"},
        {"product_code":"PRODUCT_CA0025", "img":"./img/camera/compact/002.png", "product":"ZV-1F", "info":"나를 담는 브이로그 카메라 ZV-1F","soldout":"","price":759000,"new":""},
        {"product_code":"PRODUCT_CA0026", "img":"./img/camera/compact/003.png", "product":"ZV-1", "info":"나의 첫번째 브이로그 카메라","soldout":"","price":999000,"new":""},
        {"product_code":"PRODUCT_CA0027", "img":"./img/camera/compact/004.png", "product":"DSC-RX100M7", "info":"α9의 AF기술로 완성된 플래그십 하이엔드 카메라","soldout":"일시품절","price":1499000,"new":""},
        {"product_code":"PRODUCT_CA0028", "img":"./img/camera/compact/005.png", "product":"DSC-RX100M7G", "info":"브이로그를 위한 RX100VII 그립, 배터리(2개), 바마운트 패키지","soldout":"일시품절","price":1599000,"new":""},
        {"product_code":"PRODUCT_CA0029", "img":"./img/camera/compact/006.png", "product":"DSC-RX0M2G", "info":"최소형 1.0타입 센서 탑재 하이엔드 방수 카메라 슈팅그립 및 바마운트 패키지","soldout":"일시품절","price":829000,"new":""},
        {"product_code":"PRODUCT_CA0030", "img":"./img/camera/compact/007.png", "product":"DSC-RX0M2", "info":"브이로그에 최적화된 최소형 1.0타입 센서 탑재 방수 카메라","soldout":"","price":749000,"new":""},
        {"product_code":"PRODUCT_CA0031", "img":"./img/camera/compact/008.png", "product":"DSC-HX99", "info":"전문가급 초소형 30배 줌 카메라","soldout":"일시품절","price":599000,"new":""},
        {"product_code":"PRODUCT_CA0032", "img":"./img/camera/compact/009.png", "product":"DSC-RX100M5A", "info":"최상의 화질 초고속 카메라","soldout":"일시품절","price":1299000,"new":""},
        {"product_code":"PRODUCT_CA0033", "img":"./img/camera/compact/010.png", "product":"DSC-RX100M6", "info":"24-200mm 올인원 세계에서 가장 빠른 카메라","soldout":"일시품절","price":1399000,"new":""},
        {"product_code":"PRODUCT_CA0034", "img":"./img/camera/compact/011.png", "product":"DSC-RX10M4", "info":"세계에서 가장 빠른 초망원 카메라 RX10 IV","soldout":"","price":2199000,"new":""},
        {"product_code":"PRODUCT_CA0035", "img":"./img/camera/compact/012.png", "product":"DSC-RX1RM2", "info":"4,240만 화소 풀프레임을 한손에 담다! RX1R II","soldout":"일시품절","price":4390000,"new":""},
        {"product_code":"PRODUCT_CA0036", "img":"./img/camera/compact/013.png", "product":"DSC-W810", "info":"2,010만 고화소 콤팩트 카메라","soldout":"일시품절","price":149000,"new":""},
        {"product_code":"PRODUCT_CA0037", "img":"./img/camera/compact/014.png", "product":"DSC-W830", "info":"ZEISS 8배 줌 렌즈 콤팩트 카메라","soldout":"일시품절","price":189000,"new":""}

    ],
    "lens":[
        {"product_code":"PRODUCT_L0001", "img":"./img/camera/lens/001.png", "product":"ZV-1M2", "info":"ZV-1M2","soldout":"일시품절","price":1090000,"new":"NEW"},
        {"product_code":"PRODUCT_L0001", "img":"./img/camera/lens/002.png", "product":"ILCE-7RM3A", "info":"약 4240만 화소와 10연사로 속도와 화질을 완성하다","soldout":"일시품절","price":3090000,"new":""},
        {"product_code":"PRODUCT_L0001", "img":"./img/camera/lens/003.png", "product":"SELP1635G", "info":"크리에이터를 위한 광각 파워 줌렌즈","soldout":"일시품절","price":1699000,"new":""},
        {"product_code":"PRODUCT_L0001", "img":"./img/camera/lens/004.png", "product":"SEL100400GM", "info":"초망원 영역까지 커버하는 최고급 장망원 GM 렌즈","soldout":"","price":3099000,"new":""},
        {"product_code":"PRODUCT_L0001", "img":"./img/camera/lens/005.png", "product":"SEL24105G", "info":"프리미엄 표준 줌렌즈의 탄생","soldout":"일시품절","price":1649000,"new":""},
        {"product_code":"PRODUCT_L0001", "img":"./img/camera/lens/006.png", "product":"ZV-E1", "info":"첫번째 풀프레임 브이로그 카메라","soldout":"일시품절","price":2790000,"new":"NEW"},
        {"product_code":"PRODUCT_L0001", "img":"./img/camera/lens/007.png", "product":"ZV-E1L", "info":"첫번째 풀프레임 브이로그 카메라","soldout":"일시품절","price":3190000,"new":"NEW"},
        {"product_code":"PRODUCT_L0001", "img":"./img/camera/lens/008.png", "product":"ILCE-7M3K", "info":"모두를 위한 완벽한 선택 7M3","soldout":"일시품절","price":2749000,"new":""},
        {"product_code":"PRODUCT_L0001", "img":"./img/camera/lens/009.png", "product":"SEL50F14GM", "info":"G Master, 표준을 가볍게 만나다","soldout":"","price":1999000,"new":""},
        {"product_code":"PRODUCT_L0001", "img":"./img/camera/lens/010.png", "product":"SEL2070G", "info":"더 가볍게, 더 넓게","soldout":"일시품절","price":1699000,"new":""},
        {"product_code":"PRODUCT_L0001", "img":"./img/camera/lens/011.png", "product":"ILCE-7RM5", "info":"생각을 AI로 표현하다","soldout":"일시품절","price":5290000,"new":"NEW"},
        {"product_code":"PRODUCT_L0001", "img":"./img/camera/lens/012.png", "product":"ZV-1F", "info":"나를 담는 브이로그 카메라 ZV-1F","soldout":"","price":759000,"new":""},
        {"product_code":"PRODUCT_L0001", "img":"./img/camera/lens/013.png", "product":"SEL15F14G", "info":"F1.4 초광각 APS-C 렌즈","soldout":"일시품절","price":999000,"new":""},
        {"product_code":"PRODUCT_L0001", "img":"./img/camera/lens/014.png", "product":"SEL11F18", "info":"대구경 초광각 APS-C 렌즈","soldout":"","price":709000,"new":""},
        {"product_code":"PRODUCT_L0001", "img":"./img/camera/lens/015.png", "product":"SELP1020G", "info":"파워줌 초광각 APS-C 렌즈","soldout":"일시품절","price":999000,"new":""},
        {"product_code":"PRODUCT_L0001", "img":"./img/camera/lens/016.png", "product":"SEL2470GM2", "info":"미래형 렌즈의 완성","soldout":"일시품절","price":2890000,"new":""},
        {"product_code":"PRODUCT_L0001", "img":"./img/camera/lens/017.png", "product":"SELC1635G", "info":"프로페셔널 시네마 초광각 줌렌즈","soldout":"일시품절","price":7999000,"new":""},
        {"product_code":"PRODUCT_L0001", "img":"./img/camera/lens/018.png", "product":"ILCE-7M4K", "info":"The Camera","soldout":"","price":3340000,"new":""},
        {"product_code":"PRODUCT_L0001", "img":"./img/camera/lens/019.png", "product":"ILCE-7M4", "info":"The Camera","soldout":"","price":3090000,"new":""},
        {"product_code":"PRODUCT_L0001", "img":"./img/camera/lens/020.png", "product":"SEL70200GM2", "info":"망원 렌즈의 새로운 패러다임","soldout":"일시품절","price":3390000,"new":""},
        {"product_code":"PRODUCT_L0001", "img":"./img/camera/lens/021.png", "product":"ZV-E10L", "info":"데일리 렌즈교환식 브이로그 카메라","soldout":"일시품절","price":948000,"new":"NEW"},
        {"product_code":"PRODUCT_L0001", "img":"./img/camera/lens/022.png", "product":"ZV-E10", "info":"데일리 렌즈교환식 브이로그 카메라","soldout":"","price":848000,"new":""},
        {"product_code":"PRODUCT_L0001", "img":"./img/camera/lens/023.png", "product":"SEL14F18GM", "info":"초광각의 새로운 역사","soldout":"","price":1999000,"new":""}

    ],
    "compact":[
        {"product_code":"PRODUCT_CT0001", "img":"./img/camera/compact/001.png", "product":"ZV-1M2", "info":"ZV-1M2","soldout":"일시품절","price":1090000,"new":"NEW"},
        {"product_code":"PRODUCT_CT0002", "img":"./img/camera/compact/002.png", "product":"ZV-1F", "info":"나를 담는 브이로그 카메라 ZV-1F","soldout":"","price":759000,"new":""},
        {"product_code":"PRODUCT_CT0003", "img":"./img/camera/compact/003.png", "product":"ZV-1", "info":"나의 첫번째 브이로그 카메라","soldout":"","price":999000,"new":""},
        {"product_code":"PRODUCT_CT0004", "img":"./img/camera/compact/004.png", "product":"DSC-RX100M7", "info":"α9의 AF기술로 완성된 플래그십 하이엔드 카메라","soldout":"일시품절","price":1499000,"new":""},
        {"product_code":"PRODUCT_CT0005", "img":"./img/camera/compact/005.png", "product":"DSC-RX100M7G", "info":"브이로그를 위한 RX100VII 그립, 배터리(2개), 바마운트 패키지","soldout":"일시품절","price":1599000,"new":""},
        {"product_code":"PRODUCT_CT0006", "img":"./img/camera/compact/006.png", "product":"DSC-RX0M2G", "info":"최소형 1.0타입 센서 탑재 하이엔드 방수 카메라 슈팅그립 및 바마운트 패키지","soldout":"일시품절","price":829000,"new":""},
        {"product_code":"PRODUCT_CT0007", "img":"./img/camera/compact/007.png", "product":"DSC-RX0M2", "info":"브이로그에 최적화된 최소형 1.0타입 센서 탑재 방수 카메라","soldout":"","price":749000,"new":""},
        {"product_code":"PRODUCT_CT0008", "img":"./img/camera/compact/008.png", "product":"DSC-HX99", "info":"전문가급 초소형 30배 줌 카메라","soldout":"일시품절","price":599000,"new":""},
        {"product_code":"PRODUCT_CT0009", "img":"./img/camera/compact/009.png", "product":"DSC-RX100M5A", "info":"최상의 화질 초고속 카메라","soldout":"일시품절","price":1299000,"new":""},
        {"product_code":"PRODUCT_CT0010", "img":"./img/camera/compact/010.png", "product":"DSC-RX100M6", "info":"24-200mm 올인원 세계에서 가장 빠른 카메라","soldout":"일시품절","price":1399000,"new":""},
        {"product_code":"PRODUCT_CT0011", "img":"./img/camera/compact/011.png", "product":"DSC-RX10M4", "info":"세계에서 가장 빠른 초망원 카메라 RX10 IV","soldout":"","price":2199000,"new":""},
        {"product_code":"PRODUCT_CT0012", "img":"./img/camera/compact/012.png", "product":"DSC-RX1RM2", "info":"4,240만 화소 풀프레임을 한손에 담다! RX1R II","soldout":"일시품절","price":4390000,"new":""},
        {"product_code":"PRODUCT_CT0013", "img":"./img/camera/compact/013.png", "product":"DSC-W810", "info":"2,010만 고화소 콤팩트 카메라","soldout":"일시품절","price":149000,"new":""},
        {"product_code":"PRODUCT_CT0014", "img":"./img/camera/compact/014.png", "product":"DSC-W830", "info":"ZEISS 8배 줌 렌즈 콤팩트 카메라","soldout":"일시품절","price":189000,"new":""}
    ]
}