{
    "faq":[
        {"nav":"주문/결제","detail":"ESP상품의 결제 방법에는 무엇이 있나요?","inner1":"ESP와 같은 무형 상품은 신용카드로 결제 가능하며, 가상계좌 결제는 사용하실 수 없습니다.","inner2":""},
        {"nav":"주문/결제","detail":"결제방법에는 무엇이 있나요?","inner1":"가상계좌, 신용카드로 결제 가능하며, 쿠폰 및 마일리지를 보유하신 경우에는 동시에 사용하실 수 있습니다.","inner2":""},
        {"nav":"주문/결제","detail":"가상계좌 이용 시 입금확인은 어떻게 하나요?","inner1":"입금 후 익일까지 확인이 되어 있지 않은 경우에는 소니스토어로 연락 주시기 바랍니다.","inner2":""},
        {"nav":"주문/결제","detail":"신용카드 무이자할부 혜택은 어디서 확인하나요?","inner1":"결제 페이지에서 확인하실 수 있습니다.","inner2":""},
        {"nav":"주문/결제","detail":"대량 구매 문의는 어디로 해야 하나요?","inner1":"B2B 기업체 특판 구매는 1)모델 2) 수량 3)납기일 4) 납품처 5) 제품 용도 의 정보가 필요합니다." ,"inner2":"위의 정보를 포함한 메일을 송부 부탁 드립니다. "},
        {"nav":"세금계산서/영수증","detail":"현금영수증 및 세금계산서 발급은 가능한가요?","inner1":"가상 계좌 입금을 통한 결제일 경우, 현금 영수증 및 세금계산서가 발급 가능합니다.","inner2":"구매 결제창을 통해 현금 영수증 및 세금계산서 발급 신청을 할 수 있으나 누락 또는 수정이 필요한 경우는 고객지원센터 1588-0911 또는 소니스토어(sonystore3@sony.co.kr) 로 연락 주시기 바랍니다."},
        {"nav":"세금계산서/영수증","detail":"신용카드 영수증 출력은 어떻게 하나요?","inner1":"신용카드 영수증은 고객님께서 입력해주신 e-mail로 보내 드리는 결제확인메일의 <영수증 출력>버튼을 클릭하시면 바로 출력 하실 수 있습니다.","inner2":"만약 e-mail을 지우셨을 경우 이니시스 웹사이트(www.inicis.com)의 사용내역 및 청구내역 조회에서 발급 받으실 수 있습니다."},
        {"nav":"배송","detail":"배송 일정 및 배송 현황 조회는 어디서 하나요?","inner1":"주문상품에 대한 상세한 확인 및 배송상황은 마이페이지에서 모두 확인하실 수 있습니다.","inner2":""},
        {"nav":"배송","detail":"배송료 부담은 누가하나요?","inner1":"소니스토어는 무료 배송을 원칙으로 하고 있습니다","inner2":"다만 산간 도서지방의 경우는 상품 특성에 따라 배송료를 부담하실 수도 있습니다."},
        {"nav":"배송","detail":"비회원 주문 시 주문 배송 조회는 어디서 하나요?","inner1":"비회원 주문 시 페이지 우측 상단의 <주문/배송조회>을 클릭하신 후 주문번호 및 비밀번호(주문 시 입력하신 비밀번호) 를 입력하시면 됩니다.","inner2":""},
        {"nav":"취소/환불/AS","detail":"주문취소 및 반품 신청은 어떻게 하나요?","inner1":"주문취소 및 반품신청은 소니코리아 고객센터로 요청하실 수 있습니다.","inner2":"(전화 : 1588-0911 / 채팅 상담 : 소니코리아 고객센터)"},
        {"nav":"취소/환불/AS","detail":"가상 계좌 주문건의 경우, 환불은 어떻게 처리되나요?","inner1":"가상 계좌 주문 취소 및 환불 요청은 “소니 온라인 스토어 -> 마이페이지 -> 주문/배송” 내역에서 취소신청이 가능합니다.","inner2":""},
        {"nav":"회원관련","detail":"알파 아카데미 신청은 어디서 하나요?","inner1":"알파 아카데미 신청은 소니스토어 메인 페이지 하단, 혹은 알파 사이트에서 신청하실 수 있습니다.","inner2":""},
        {"nav":"회원관련","detail":"소니스토어 회원 가입은 어떻게 해야 하나요?","inner1":"소니스토어 온라인사이트에서 회원 가입을 하시면 누구나 소니스토어 회원이 되실 수 있습니다.","inner2":""},
        {"nav":"회원관련","detail":"개명한 경우 이름을 어떻게 변경 하나요?","inner1":"개명하신 경우 기존 아이디로 로그인 하신 후 회원정보를 수정하실 수 있습니다","inner2":""},
        {"nav":"쿠폰/마일리지","detail":"마일리지로 ESP(연장 서비스플랜) 구입이 가능한가요?","inner1":"ESP는 마일리지로 구입 가능합니다","inner2":""},
        {"nav":"쿠폰/마일리지","detail":"E-Coupon은 언제 사용할 수 있나요?","inner1":"상품1개당 한 개의 쿠폰만 사용하실 수 있으며, 쿠폰에 안내된 사용기간 내에만 가능합니다.","inner2":""},
        {"nav":"쿠폰/마일리지","detail":"온라인 쿠폰을 소니스토어 직영점 및 전화 주문 시에도 사용할 수 있나요?","inner1":"소니스토어 매장 방문 시 출력된 쿠폰을 지참하시면 사용하실 수 있습니다.","inner2":"전화주문 시에는 쿠폰 번호를 알려주시면 결제 시 적용 받으실 수 있습니다."},
        {"nav":"쿠폰/마일리지","detail":"소니스토어 회원 마일리지는 언제 사용할 수 있나요?","inner1":"마일리지는 소니스토어 회원께 제공되는 적립금으로 소니스토어 제품 구매 시 현금처럼 사용하실 수 있습니다.","inner2":""}
    ],
    "notice":[
        {"번호":"29", "제목":"소니코리아 ESP 명칭 변경 안내","등록일":"2023-02-03","조회수":224},
        {"번호":"28", "제목":"전자보증서 발급 및 취소, 조회 서비스 중단 안내","등록일":"2023-01-27","조회수":89},
        {"번호":"27", "제목":"소니코리아 개인정보처리방침 개정 안내","등록일":"2023-01-13","조회수":72},
        {"번호":"26", "제목":"설 연휴 소니스토어 압구정 휴무 안내","등록일":"2023-01-11","조회수":83},
        {"번호":"25", "제목":"설 연휴 소니스토어 온라인 배송 일정 안내","등록일":"2023-01-11","조회수":89},
        {"번호":"24", "제목":"소니코리아 개인정보처리방침 개정 안내","등록일":"2022-11-21","조회수":135},
        {"번호":"23", "제목":"추석 연휴 소니스토어 온라인 배송 일정 안내","등록일":"2022-09-01","조회수":249},
        {"번호":"22", "제목":"추석 연휴 소니스토어 압구정 휴무 안내","등록일":"2022-09-01","조회수":142},
        {"번호":"21", "제목":"[당첨자 발표] 벗지 않는 편안함 링크버즈 시리즈 체험단 모집","등록일":"2022-08-11","조회수":232},
        {"번호":"20", "제목":"소니스토어 압구정 임시 휴무 안내","등록일":"2022-04-29","조회수":1679},
        {"번호":"19", "제목":"[당첨자 발표]벗지 않는 편안함 링크버즈 체험단 모집","등록일":"2023-02-26","조회수":298},
        {"번호":"18", "제목":"SELP1635G 배송 지연 안내 드립니다","등록일":"2022-04-22","조회수":1301},
        {"번호":"17", "제목":"20대 대통령선거 임시 휴무일 소니스토어 온라인 배송 일정 안내","등록일":"2022-03-03","조회수":448},
        {"번호":"16", "제목":"설 연휴 소니스토어 온라인 배송 일정 안내","등록일":"2022-01-21","조회수":1395},
        {"번호":"15", "제목":"설 연휴 소니스토어 압구정 휴무 안내","등록일":"2022-01-21","조회수":225},
        {"번호":"14", "제목":"택배사 파업으로 인한 배송 지연 안내","등록일":"2022-01-03","조회수":1202},
        {"번호":"13", "제목":"소니스토어 온라인 배송 일정 안내","등록일":"2021-12-28","조회수":376},
        {"번호":"12", "제목":"[당첨자 발표]소니스토어 선물 제안 럭키 박스 이벤트 당첨자 발표","등록일":"2021-12-16","조회수":267},
        {"번호":"11", "제목":"[당첨자 발표]소니스토어 리뉴얼 기념 구매자 대상 첫! 구매 이벤트 당첨자 발표","등록일":"2021-12-16","조회수":189},
        {"번호":"10", "제목":"[당첨자 발표]10월 소니스토어 온라인 설문조사 이벤트 당첨자 발표","등록일":"2021-11-09","조회수":268},
        {"번호":"9", "제목":"[당첨자 발표]헤드폰에 도전하다 WF-1000XM4 체험단 당첨자 발표","등록일":"2021-10-22","조회수":340},
        {"번호":"8", "제목":"[당첨자 발표]9월 소니스토어 온라인 설문조사 이벤트 당첨자 발표","등록일":"2021-10-07","조회수":82},
        {"번호":"7", "제목":"[당첨자 발표]8월 소니스토어 온라인 설문조사 이벤트 당첨자 발표","등록일":"2021-09-07","조회수":64},
        {"번호":"6", "제목":"[당첨자 발표]7월 소니스토어 온라인 설문조사 이벤트 당첨자 발표","등록일":"2021-08-03","조회수":23},
        {"번호":"5", "제목":"[당첨자 발표]6월 소니스토어 온라인 설문조사 이벤트 당첨자 발표","등록일":"2021-07-06","조회수":22},
        {"번호":"4", "제목":"[당첨자 발표]5월 소니스토어 온라인 설문조사 이벤트 당첨자 발표","등록일":"2021-07-08","조회수":19},
        {"번호":"3", "제목":"[당첨자 발표]4월 소니스토어 온라인 설문조사 이벤트 당첨자 발표","등록일":"2021-05-06","조회수":20},
        {"번호":"2", "제목":"[당첨자 발표]3월 소니스토어 온라인 설문조사 이벤트 당첨자 발표","등록일":"2021-04-07","조회수":15},
        {"번호":"1", "제목":"[당첨자 발표]2월 소니스토어 온라인 설문조사 이벤트 당첨자 발표","등록일":"2021-03-04","조회수":98}
    ]
}