{
    "신상품":[
        {"제품코드":"PRODUCT0001","보관방법":"냉장", "이미지":"0a54f6a4-4f5a-4202-8f6d-045d2a1709de.jpg", "배송구분":"샛별배송", "제조사":"양포어장", "제품명":"독도 활 꽃새우 (4/15 수령)", "제품특성":"곶감과 크림치즈의 산뜻한 합작","정가":73000,"할인율":0, "판매처":"Kurly Only"},
        {"제품코드":"PRODUCT0002","보관방법":"냉동", "이미지":"0ac29455-0c2f-466f-9881-b9ed8a7a398f.jpg", "배송구분":"샛별배송", "제조사":"양포어장", "제품명":"독도 활 닭새우 (4/15 수령)", "제품특성":"우동 2인분 2종 (택1)","정가":17000,"할인율":0.12, "판매처":""},
        {"제품코드":"PRODUCT0003","보관방법":"냉장", "이미지":"0d82637a-330e-4446-99af-86246a5dd881.jpg", "배송구분":"샛별배송", "제조사":"올가담", "제품명":"크림치즈 곶감 말이 (10구)", "제품특성":"곶감과 이즈니버터, 팥앙금의 색다른 만남","정가":21000,"할인율":0.19, "판매처":"Kurly Only"},
        {"제품코드":"PRODUCT0004","보관방법":"냉동", "이미지":"0ec2bb5a-d89c-4f50-8172-fe404079e306.jpg", "배송구분":"샛별배송", "제조사":"라브아", "제품명":"앙버터 곶감 말이 (10구)", "제품특성":"바질의 싱그러움이 함께 담긴 설거지 비누","정가":31000,"할인율":0, "판매처":""},
        {"제품코드":"PRODUCT0005","보관방법":"냉동", "이미지":"0f6c2be5-0e27-4e86-95c5-b3212a9d9ab8.jpg", "배송구분":"샛별배송", "제조사":"올가담", "제품명":"크림치즈 곶감 말이 (10구)", "제품특성":"추억의 맛 그대로 완성","정가":13000,"할인율":0.211, "판매처":"Kurly Only"},
        {"제품코드":"PRODUCT0006","보관방법":"냉장", "이미지":"0f8ccd6b-431d-472a-b608-ae6556a2bc12.jpg", "배송구분":"샛별배송", "제조사":"올가담", "제품명":"크림치즈 곶감 말이 (10구)", "제품특성":"추억의 맛 그대로 완성","정가":33000,"할인율":0, "판매처":"Kurly Only"},
        {"제품코드":"PRODUCT0007","보관방법":"냉장", "이미지":"0a54f6a4-4f5a-4202-8f6d-045d2a1709de.jpg", "배송구분":"샛별배송", "제조사":"양포어장", "제품명":"독도 활 꽃새우 (4/15 수령)", "제품특성":"곶감과 크림치즈의 산뜻한 합작","정가":73000,"할인율":0, "판매처":"Kurly Only"},
        {"제품코드":"PRODUCT0008","보관방법":"냉동", "이미지":"0ac29455-0c2f-466f-9881-b9ed8a7a398f.jpg", "배송구분":"샛별배송", "제조사":"양포어장", "제품명":"독도 활 닭새우 (4/15 수령)", "제품특성":"우동 2인분 2종 (택1)","정가":17000,"할인율":0.12, "판매처":""},
        {"제품코드":"PRODUCT0009","보관방법":"냉장", "이미지":"0d82637a-330e-4446-99af-86246a5dd881.jpg", "배송구분":"샛별배송", "제조사":"올가담", "제품명":"크림치즈 곶감 말이 (10구)", "제품특성":"곶감과 이즈니버터, 팥앙금의 색다른 만남","정가":21000,"할인율":0.19, "판매처":"Kurly Only"},
        {"제품코드":"PRODUCT00010","보관방법":"냉동", "이미지":"0ec2bb5a-d89c-4f50-8172-fe404079e306.jpg", "배송구분":"샛별배송", "제조사":"라브아", "제품명":"앙버터 곶감 말이 (10구)", "제품특성":"바질의 싱그러움이 함께 담긴 설거지 비누","정가":31000,"할인율":0, "판매처":""},
        {"제품코드":"PRODUCT00011","보관방법":"냉동", "이미지":"0f6c2be5-0e27-4e86-95c5-b3212a9d9ab8.jpg", "배송구분":"샛별배송", "제조사":"올가담", "제품명":"크림치즈 곶감 말이 (10구)", "제품특성":"추억의 맛 그대로 완성","정가":13000,"할인율":0.211, "판매처":"Kurly Only"},
        {"제품코드":"PRODUCT00012","보관방법":"냉장", "이미지":"0f8ccd6b-431d-472a-b608-ae6556a2bc12.jpg", "배송구분":"샛별배송", "제조사":"올가담", "제품명":"크림치즈 곶감 말이 (10구)", "제품특성":"추억의 맛 그대로 완성","정가":33000,"할인율":0, "판매처":"Kurly Only"},
        {"제품코드":"PRODUCT00013","보관방법":"냉장", "이미지":"0a54f6a4-4f5a-4202-8f6d-045d2a1709de.jpg", "배송구분":"샛별배송", "제조사":"양포어장", "제품명":"독도 활 꽃새우 (4/15 수령)", "제품특성":"곶감과 크림치즈의 산뜻한 합작","정가":73000,"할인율":0, "판매처":"Kurly Only"},
        {"제품코드":"PRODUCT00014","보관방법":"냉동", "이미지":"0ac29455-0c2f-466f-9881-b9ed8a7a398f.jpg", "배송구분":"샛별배송", "제조사":"양포어장", "제품명":"독도 활 닭새우 (4/15 수령)", "제품특성":"우동 2인분 2종 (택1)","정가":17000,"할인율":0.12, "판매처":""},
        {"제품코드":"PRODUCT00015","보관방법":"냉장", "이미지":"0d82637a-330e-4446-99af-86246a5dd881.jpg", "배송구분":"샛별배송", "제조사":"올가담", "제품명":"크림치즈 곶감 말이 (10구)", "제품특성":"곶감과 이즈니버터, 팥앙금의 색다른 만남","정가":21000,"할인율":0.19, "판매처":"Kurly Only"},
        {"제품코드":"PRODUCT00016","보관방법":"냉동", "이미지":"0ec2bb5a-d89c-4f50-8172-fe404079e306.jpg", "배송구분":"샛별배송", "제조사":"라브아", "제품명":"앙버터 곶감 말이 (10구)", "제품특성":"바질의 싱그러움이 함께 담긴 설거지 비누","정가":31000,"할인율":0, "판매처":""},
        {"제품코드":"PRODUCT00017","보관방법":"냉동", "이미지":"0f6c2be5-0e27-4e86-95c5-b3212a9d9ab8.jpg", "배송구분":"샛별배송", "제조사":"올가담", "제품명":"크림치즈 곶감 말이 (10구)", "제품특성":"추억의 맛 그대로 완성","정가":13000,"할인율":0.211, "판매처":"Kurly Only"},
        {"제품코드":"PRODUCT00018","보관방법":"냉장", "이미지":"0f8ccd6b-431d-472a-b608-ae6556a2bc12.jpg", "배송구분":"샛별배송", "제조사":"올가담", "제품명":"크림치즈 곶감 말이 (10구)", "제품특성":"추억의 맛 그대로 완성","정가":33000,"할인율":0, "판매처":"Kurly Only"},
        {"제품코드":"PRODUCT00019","보관방법":"냉장", "이미지":"0a54f6a4-4f5a-4202-8f6d-045d2a1709de.jpg", "배송구분":"샛별배송", "제조사":"양포어장", "제품명":"독도 활 꽃새우 (4/15 수령)", "제품특성":"곶감과 크림치즈의 산뜻한 합작","정가":73000,"할인율":0, "판매처":"Kurly Only"},
        {"제품코드":"PRODUCT00020","보관방법":"냉동", "이미지":"0ac29455-0c2f-466f-9881-b9ed8a7a398f.jpg", "배송구분":"샛별배송", "제조사":"양포어장", "제품명":"독도 활 닭새우 (4/15 수령)", "제품특성":"우동 2인분 2종 (택1)","정가":17000,"할인율":0.12, "판매처":""},
        {"제품코드":"PRODUCT00021","보관방법":"냉장", "이미지":"0d82637a-330e-4446-99af-86246a5dd881.jpg", "배송구분":"샛별배송", "제조사":"올가담", "제품명":"크림치즈 곶감 말이 (10구)", "제품특성":"곶감과 이즈니버터, 팥앙금의 색다른 만남","정가":21000,"할인율":0.19, "판매처":"Kurly Only"},
        {"제품코드":"PRODUCT00022","보관방법":"냉동", "이미지":"0ec2bb5a-d89c-4f50-8172-fe404079e306.jpg", "배송구분":"샛별배송", "제조사":"라브아", "제품명":"앙버터 곶감 말이 (10구)", "제품특성":"바질의 싱그러움이 함께 담긴 설거지 비누","정가":31000,"할인율":0, "판매처":""},
        {"제품코드":"PRODUCT00023","보관방법":"냉동", "이미지":"0f6c2be5-0e27-4e86-95c5-b3212a9d9ab8.jpg", "배송구분":"샛별배송", "제조사":"올가담", "제품명":"크림치즈 곶감 말이 (10구)", "제품특성":"추억의 맛 그대로 완성","정가":13000,"할인율":0.211, "판매처":"Kurly Only"},
        {"제품코드":"PRODUCT00024","보관방법":"냉장", "이미지":"0f8ccd6b-431d-472a-b608-ae6556a2bc12.jpg", "배송구분":"샛별배송", "제조사":"올가담", "제품명":"크림치즈 곶감 말이 (10구)", "제품특성":"추억의 맛 그대로 완성","정가":33000,"할인율":0, "판매처":"Kurly Only"},
        {"제품코드":"PRODUCT00025","보관방법":"냉장", "이미지":"1d88ad9d-5aea-4d22-bdd9-9ab660750049.jpg", "배송구분":"샛별배송", "제조사":"올가담", "제품명":"크림치즈 곶감 말이 (10구)", "제품특성":"추억의 맛 그대로 완성","정가":53000,"할인율":0.12, "판매처":"Kurly Only"}
    ],
    "베스트":[
        {"제품코드":"PRODUCT0001","보관방법":"상온","이미지":"0a54f6a4-4f5a-4202-8f6d-045d2a1709de.jpg", "배송구분":"샛별배송", "제조사":"양포어장", "제품명":"독도 활 꽃새우 (4/15 수령)", "제품특성":"곶감과 크림치즈의 산뜻한 합작","정가":73000,"할인율":0, "판매처":"Kurly Only"},
        {"제품코드":"PRODUCT0002","보관방법":"냉장","이미지":"0ac29455-0c2f-466f-9881-b9ed8a7a398f.jpg", "배송구분":"샛별배송", "제조사":"양포어장", "제품명":"독도 활 닭새우 (4/15 수령)", "제품특성":"우동 2인분 2종 (택1)","정가":17000,"할인율":0.12, "판매처":""},
        {"제품코드":"PRODUCT0003","보관방법":"냉장","이미지":"0d82637a-330e-4446-99af-86246a5dd881.jpg", "배송구분":"샛별배송", "제조사":"올가담", "제품명":"크림치즈 곶감 말이 (10구)", "제품특성":"곶감과 이즈니버터, 팥앙금의 색다른 만남","정가":21000,"할인율":0.19, "판매처":"Kurly Only"},
        {"제품코드":"PRODUCT0004","보관방법":"상온","이미지":"0ec2bb5a-d89c-4f50-8172-fe404079e306.jpg", "배송구분":"샛별배송", "제조사":"라브아", "제품명":"앙버터 곶감 말이 (10구)", "제품특성":"바질의 싱그러움이 함께 담긴 설거지 비누","정가":31000,"할인율":0, "판매처":""},
        {"제품코드":"PRODUCT0005","보관방법":"상온","이미지":"0f6c2be5-0e27-4e86-95c5-b3212a9d9ab8.jpg", "배송구분":"샛별배송", "제조사":"올가담", "제품명":"크림치즈 곶감 말이 (10구)", "제품특성":"추억의 맛 그대로 완성","정가":13000,"할인율":0.211, "판매처":"Kurly Only"},
        {"제품코드":"PRODUCT0006","보관방법":"냉장","이미지":"0f8ccd6b-431d-472a-b608-ae6556a2bc12.jpg", "배송구분":"샛별배송", "제조사":"올가담", "제품명":"크림치즈 곶감 말이 (10구)", "제품특성":"추억의 맛 그대로 완성","정가":33000,"할인율":0, "판매처":"Kurly Only"},
        {"제품코드":"PRODUCT0007","보관방법":"냉장","이미지":"1d88ad9d-5aea-4d22-bdd9-9ab660750049.jpg", "배송구분":"샛별배송", "제조사":"올가담", "제품명":"크림치즈 곶감 말이 (10구)", "제품특성":"추억의 맛 그대로 완성","정가":53000,"할인율":0.12, "판매처":"Kurly Only"},
        {"제품코드":"PRODUCT0008","보관방법":"상온","이미지":"0a54f6a4-4f5a-4202-8f6d-045d2a1709de.jpg", "배송구분":"샛별배송", "제조사":"양포어장", "제품명":"독도 활 꽃새우 (4/15 수령)", "제품특성":"곶감과 크림치즈의 산뜻한 합작","정가":73000,"할인율":0, "판매처":"Kurly Only"},
        {"제품코드":"PRODUCT0009","보관방법":"냉장","이미지":"0ac29455-0c2f-466f-9881-b9ed8a7a398f.jpg", "배송구분":"샛별배송", "제조사":"양포어장", "제품명":"독도 활 닭새우 (4/15 수령)", "제품특성":"우동 2인분 2종 (택1)","정가":17000,"할인율":0.12, "판매처":""},
        {"제품코드":"PRODUCT00010","보관방법":"냉장","이미지":"0d82637a-330e-4446-99af-86246a5dd881.jpg", "배송구분":"샛별배송", "제조사":"올가담", "제품명":"크림치즈 곶감 말이 (10구)", "제품특성":"곶감과 이즈니버터, 팥앙금의 색다른 만남","정가":21000,"할인율":0.19, "판매처":"Kurly Only"},
        {"제품코드":"PRODUCT00011","보관방법":"상온","이미지":"0ec2bb5a-d89c-4f50-8172-fe404079e306.jpg", "배송구분":"샛별배송", "제조사":"라브아", "제품명":"앙버터 곶감 말이 (10구)", "제품특성":"바질의 싱그러움이 함께 담긴 설거지 비누","정가":31000,"할인율":0, "판매처":""},
        {"제품코드":"PRODUCT00012","보관방법":"상온","이미지":"0f6c2be5-0e27-4e86-95c5-b3212a9d9ab8.jpg", "배송구분":"샛별배송", "제조사":"올가담", "제품명":"크림치즈 곶감 말이 (10구)", "제품특성":"추억의 맛 그대로 완성","정가":13000,"할인율":0.211, "판매처":"Kurly Only"},
        {"제품코드":"PRODUCT00013","보관방법":"냉장","이미지":"0f8ccd6b-431d-472a-b608-ae6556a2bc12.jpg", "배송구분":"샛별배송", "제조사":"올가담", "제품명":"크림치즈 곶감 말이 (10구)", "제품특성":"추억의 맛 그대로 완성","정가":33000,"할인율":0, "판매처":"Kurly Only"},
        {"제품코드":"PRODUCT00014","보관방법":"냉장","이미지":"1d88ad9d-5aea-4d22-bdd9-9ab660750049.jpg", "배송구분":"샛별배송", "제조사":"올가담", "제품명":"크림치즈 곶감 말이 (10구)", "제품특성":"추억의 맛 그대로 완성","정가":53000,"할인율":0.12, "판매처":"Kurly Only"},
        {"제품코드":"PRODUCT00015","보관방법":"상온","이미지":"0a54f6a4-4f5a-4202-8f6d-045d2a1709de.jpg", "배송구분":"샛별배송", "제조사":"양포어장", "제품명":"독도 활 꽃새우 (4/15 수령)", "제품특성":"곶감과 크림치즈의 산뜻한 합작","정가":73000,"할인율":0, "판매처":"Kurly Only"},
        {"제품코드":"PRODUCT00016","보관방법":"냉장","이미지":"0ac29455-0c2f-466f-9881-b9ed8a7a398f.jpg", "배송구분":"샛별배송", "제조사":"양포어장", "제품명":"독도 활 닭새우 (4/15 수령)", "제품특성":"우동 2인분 2종 (택1)","정가":17000,"할인율":0.12, "판매처":""},
        {"제품코드":"PRODUCT00017","보관방법":"냉장","이미지":"0d82637a-330e-4446-99af-86246a5dd881.jpg", "배송구분":"샛별배송", "제조사":"올가담", "제품명":"크림치즈 곶감 말이 (10구)", "제품특성":"곶감과 이즈니버터, 팥앙금의 색다른 만남","정가":21000,"할인율":0.19, "판매처":"Kurly Only"},
        {"제품코드":"PRODUCT00018","보관방법":"상온","이미지":"0ec2bb5a-d89c-4f50-8172-fe404079e306.jpg", "배송구분":"샛별배송", "제조사":"라브아", "제품명":"앙버터 곶감 말이 (10구)", "제품특성":"바질의 싱그러움이 함께 담긴 설거지 비누","정가":31000,"할인율":0, "판매처":""},
        {"제품코드":"PRODUCT00019","보관방법":"상온","이미지":"0f6c2be5-0e27-4e86-95c5-b3212a9d9ab8.jpg", "배송구분":"샛별배송", "제조사":"올가담", "제품명":"크림치즈 곶감 말이 (10구)", "제품특성":"추억의 맛 그대로 완성","정가":13000,"할인율":0.211, "판매처":"Kurly Only"},
        {"제품코드":"PRODUCT00020","보관방법":"냉장","이미지":"0f8ccd6b-431d-472a-b608-ae6556a2bc12.jpg", "배송구분":"샛별배송", "제조사":"올가담", "제품명":"크림치즈 곶감 말이 (10구)", "제품특성":"추억의 맛 그대로 완성","정가":33000,"할인율":0, "판매처":"Kurly Only"},
        {"제품코드":"PRODUCT00021","보관방법":"냉장","이미지":"1d88ad9d-5aea-4d22-bdd9-9ab660750049.jpg", "배송구분":"샛별배송", "제조사":"올가담", "제품명":"크림치즈 곶감 말이 (10구)", "제품특성":"추억의 맛 그대로 완성","정가":53000,"할인율":0.12, "판매처":"Kurly Only"}
    ],
    "알뜰상품":[
        {"제품코드":"PRODUCT0001","보관방법":"냉장","이미지":"0a54f6a4-4f5a-4202-8f6d-045d2a1709de.jpg", "배송구분":"샛별배송", "제조사":"양포어장", "제품명":"독도 활 꽃새우 (4/15 수령)", "제품특성":"곶감과 크림치즈의 산뜻한 합작","정가":73000,"할인율":0, "판매처":"Kurly Only"},
        {"제품코드":"PRODUCT0002","보관방법":"상온","이미지":"0ac29455-0c2f-466f-9881-b9ed8a7a398f.jpg", "배송구분":"샛별배송", "제조사":"양포어장", "제품명":"독도 활 닭새우 (4/15 수령)", "제품특성":"우동 2인분 2종 (택1)","정가":17000,"할인율":0.12, "판매처":""},
        {"제품코드":"PRODUCT0003","보관방법":"상온","이미지":"0d82637a-330e-4446-99af-86246a5dd881.jpg", "배송구분":"샛별배송", "제조사":"올가담", "제품명":"크림치즈 곶감 말이 (10구)", "제품특성":"곶감과 이즈니버터, 팥앙금의 색다른 만남","정가":21000,"할인율":0.19, "판매처":"Kurly Only"},
        {"제품코드":"PRODUCT0004","보관방법":"상온","이미지":"0ec2bb5a-d89c-4f50-8172-fe404079e306.jpg", "배송구분":"샛별배송", "제조사":"라브아", "제품명":"앙버터 곶감 말이 (10구)", "제품특성":"바질의 싱그러움이 함께 담긴 설거지 비누","정가":31000,"할인율":0, "판매처":""},
        {"제품코드":"PRODUCT0005","보관방법":"냉장","이미지":"0f6c2be5-0e27-4e86-95c5-b3212a9d9ab8.jpg", "배송구분":"샛별배송", "제조사":"올가담", "제품명":"크림치즈 곶감 말이 (10구)", "제품특성":"추억의 맛 그대로 완성","정가":13000,"할인율":0.211, "판매처":"Kurly Only"},
        {"제품코드":"PRODUCT0006","보관방법":"냉동","이미지":"0f8ccd6b-431d-472a-b608-ae6556a2bc12.jpg", "배송구분":"샛별배송", "제조사":"올가담", "제품명":"크림치즈 곶감 말이 (10구)", "제품특성":"추억의 맛 그대로 완성","정가":33000,"할인율":0, "판매처":"Kurly Only"},
        {"제품코드":"PRODUCT0007","보관방법":"냉장","이미지":"1d88ad9d-5aea-4d22-bdd9-9ab660750049.jpg", "배송구분":"샛별배송", "제조사":"올가담", "제품명":"크림치즈 곶감 말이 (10구)", "제품특성":"추억의 맛 그대로 완성","정가":53000,"할인율":0.12, "판매처":"Kurly Only"},
        {"제품코드":"PRODUCT0008","보관방법":"냉장","이미지":"0a54f6a4-4f5a-4202-8f6d-045d2a1709de.jpg", "배송구분":"샛별배송", "제조사":"양포어장", "제품명":"독도 활 꽃새우 (4/15 수령)", "제품특성":"곶감과 크림치즈의 산뜻한 합작","정가":73000,"할인율":0, "판매처":"Kurly Only"},
        {"제품코드":"PRODUCT0009","보관방법":"상온","이미지":"0ac29455-0c2f-466f-9881-b9ed8a7a398f.jpg", "배송구분":"샛별배송", "제조사":"양포어장", "제품명":"독도 활 닭새우 (4/15 수령)", "제품특성":"우동 2인분 2종 (택1)","정가":17000,"할인율":0.12, "판매처":""},
        {"제품코드":"PRODUCT00010","보관방법":"상온","이미지":"0d82637a-330e-4446-99af-86246a5dd881.jpg", "배송구분":"샛별배송", "제조사":"올가담", "제품명":"크림치즈 곶감 말이 (10구)", "제품특성":"곶감과 이즈니버터, 팥앙금의 색다른 만남","정가":21000,"할인율":0.19, "판매처":"Kurly Only"},
        {"제품코드":"PRODUCT00011","보관방법":"상온","이미지":"0ec2bb5a-d89c-4f50-8172-fe404079e306.jpg", "배송구분":"샛별배송", "제조사":"라브아", "제품명":"앙버터 곶감 말이 (10구)", "제품특성":"바질의 싱그러움이 함께 담긴 설거지 비누","정가":31000,"할인율":0, "판매처":""},
        {"제품코드":"PRODUCT00012","보관방법":"냉장","이미지":"0f6c2be5-0e27-4e86-95c5-b3212a9d9ab8.jpg", "배송구분":"샛별배송", "제조사":"올가담", "제품명":"크림치즈 곶감 말이 (10구)", "제품특성":"추억의 맛 그대로 완성","정가":13000,"할인율":0.211, "판매처":"Kurly Only"},
        {"제품코드":"PRODUCT00013","보관방법":"냉동","이미지":"0f8ccd6b-431d-472a-b608-ae6556a2bc12.jpg", "배송구분":"샛별배송", "제조사":"올가담", "제품명":"크림치즈 곶감 말이 (10구)", "제품특성":"추억의 맛 그대로 완성","정가":33000,"할인율":0, "판매처":"Kurly Only"},
        {"제품코드":"PRODUCT00014","보관방법":"냉장","이미지":"1d88ad9d-5aea-4d22-bdd9-9ab660750049.jpg", "배송구분":"샛별배송", "제조사":"올가담", "제품명":"크림치즈 곶감 말이 (10구)", "제품특성":"추억의 맛 그대로 완성","정가":53000,"할인율":0.12, "판매처":"Kurly Only"},
        {"제품코드":"PRODUCT00015","보관방법":"냉장","이미지":"0a54f6a4-4f5a-4202-8f6d-045d2a1709de.jpg", "배송구분":"샛별배송", "제조사":"양포어장", "제품명":"독도 활 꽃새우 (4/15 수령)", "제품특성":"곶감과 크림치즈의 산뜻한 합작","정가":73000,"할인율":0, "판매처":"Kurly Only"},
        {"제품코드":"PRODUCT00017","보관방법":"상온","이미지":"0ac29455-0c2f-466f-9881-b9ed8a7a398f.jpg", "배송구분":"샛별배송", "제조사":"양포어장", "제품명":"독도 활 닭새우 (4/15 수령)", "제품특성":"우동 2인분 2종 (택1)","정가":17000,"할인율":0.12, "판매처":""},
        {"제품코드":"PRODUCT00016","보관방법":"상온","이미지":"0d82637a-330e-4446-99af-86246a5dd881.jpg", "배송구분":"샛별배송", "제조사":"올가담", "제품명":"크림치즈 곶감 말이 (10구)", "제품특성":"곶감과 이즈니버터, 팥앙금의 색다른 만남","정가":21000,"할인율":0.19, "판매처":"Kurly Only"},
        {"제품코드":"PRODUCT00017","보관방법":"상온","이미지":"0ec2bb5a-d89c-4f50-8172-fe404079e306.jpg", "배송구분":"샛별배송", "제조사":"라브아", "제품명":"앙버터 곶감 말이 (10구)", "제품특성":"바질의 싱그러움이 함께 담긴 설거지 비누","정가":31000,"할인율":0, "판매처":""},
        {"제품코드":"PRODUCT00018","보관방법":"냉장","이미지":"0f6c2be5-0e27-4e86-95c5-b3212a9d9ab8.jpg", "배송구분":"샛별배송", "제조사":"올가담", "제품명":"크림치즈 곶감 말이 (10구)", "제품특성":"추억의 맛 그대로 완성","정가":13000,"할인율":0.211, "판매처":"Kurly Only"},
        {"제품코드":"PRODUCT00019","보관방법":"냉동","이미지":"0f8ccd6b-431d-472a-b608-ae6556a2bc12.jpg", "배송구분":"샛별배송", "제조사":"올가담", "제품명":"크림치즈 곶감 말이 (10구)", "제품특성":"추억의 맛 그대로 완성","정가":33000,"할인율":0, "판매처":"Kurly Only"},
        {"제품코드":"PRODUCT00020","보관방법":"냉장","이미지":"1d88ad9d-5aea-4d22-bdd9-9ab660750049.jpg", "배송구분":"샛별배송", "제조사":"올가담", "제품명":"크림치즈 곶감 말이 (10구)", "제품특성":"추억의 맛 그대로 완성","정가":53000,"할인율":0.12, "판매처":"Kurly Only"},
        {"제품코드":"PRODUCT00021","보관방법":"냉장","이미지":"0a54f6a4-4f5a-4202-8f6d-045d2a1709de.jpg", "배송구분":"샛별배송", "제조사":"양포어장", "제품명":"독도 활 꽃새우 (4/15 수령)", "제품특성":"곶감과 크림치즈의 산뜻한 합작","정가":73000,"할인율":0, "판매처":"Kurly Only"},
        {"제품코드":"PRODUCT00022","보관방법":"상온","이미지":"0ac29455-0c2f-466f-9881-b9ed8a7a398f.jpg", "배송구분":"샛별배송", "제조사":"양포어장", "제품명":"독도 활 닭새우 (4/15 수령)", "제품특성":"우동 2인분 2종 (택1)","정가":17000,"할인율":0.12, "판매처":""},
        {"제품코드":"PRODUCT00023","보관방법":"상온","이미지":"0d82637a-330e-4446-99af-86246a5dd881.jpg", "배송구분":"샛별배송", "제조사":"올가담", "제품명":"크림치즈 곶감 말이 (10구)", "제품특성":"곶감과 이즈니버터, 팥앙금의 색다른 만남","정가":21000,"할인율":0.19, "판매처":"Kurly Only"},
        {"제품코드":"PRODUCT00024","보관방법":"상온","이미지":"0ec2bb5a-d89c-4f50-8172-fe404079e306.jpg", "배송구분":"샛별배송", "제조사":"라브아", "제품명":"앙버터 곶감 말이 (10구)", "제품특성":"바질의 싱그러움이 함께 담긴 설거지 비누","정가":31000,"할인율":0, "판매처":""},
        {"제품코드":"PRODUCT00025","보관방법":"냉장","이미지":"0f6c2be5-0e27-4e86-95c5-b3212a9d9ab8.jpg", "배송구분":"샛별배송", "제조사":"올가담", "제품명":"크림치즈 곶감 말이 (10구)", "제품특성":"추억의 맛 그대로 완성","정가":13000,"할인율":0.211, "판매처":"Kurly Only"},
        {"제품코드":"PRODUCT00026","보관방법":"냉동","이미지":"0f8ccd6b-431d-472a-b608-ae6556a2bc12.jpg", "배송구분":"샛별배송", "제조사":"올가담", "제품명":"크림치즈 곶감 말이 (10구)", "제품특성":"추억의 맛 그대로 완성","정가":33000,"할인율":0, "판매처":"Kurly Only"},
        {"제품코드":"PRODUCT00027","보관방법":"냉장","이미지":"1d88ad9d-5aea-4d22-bdd9-9ab660750049.jpg", "배송구분":"샛별배송", "제조사":"올가담", "제품명":"크림치즈 곶감 말이 (10구)", "제품특성":"추억의 맛 그대로 완성","정가":53000,"할인율":0.12, "판매처":"Kurly Only"}
    ],
    "특가혜택":[
        {"제품코드":"PRODUCT0001","보관방법":"상온","이미지":"0b45264d-e9c6-4e00-885d-2f77587393a5.jpg"},
        {"제품코드":"PRODUCT0002","보관방법":"상온","이미지":"0ef3c188-fb45-4ec3-b072-e2d6b540e99d.jpg"},
        {"제품코드":"PRODUCT0003","보관방법":"냉장","이미지":"0f7890b9-bdb7-45e4-87ca-4ccfde93a5e8.jpg"},
        {"제품코드":"PRODUCT0004","보관방법":"상온","이미지":"1c7bc470-f8d1-410d-9d5e-2c17fc2f3b1f.jpg"},
        {"제품코드":"PRODUCT0005","보관방법":"냉장","이미지":"02cc37d5-8d29-4fc1-acb1-c13c87bb6129.jpg"},
        {"제품코드":"PRODUCT0006","보관방법":"상온","이미지":"2b1db31f-dd1e-45bd-89e9-42c45ca7309f.jpg"},
        {"제품코드":"PRODUCT0007","보관방법":"냉장","이미지":"2c11e4f7-9781-4dae-b569-3bf567e54a46.jpg"},
        {"제품코드":"PRODUCT0008","보관방법":"냉장","이미지":"2f849082-18d6-487f-b55b-52f59d14159b.jpg"},
        {"제품코드":"PRODUCT0009","보관방법":"냉장","이미지":"3db98c93-7dbe-4526-a61d-2caff748c8f6.jpg"},
        {"제품코드":"PRODUCT00010","보관방법":"냉장","이미지":"4ed670e7-ec8a-49f9-92fa-c233c73f67af.jpg"},
        {"제품코드":"PRODUCT00011","보관방법":"상온","이미지":"5e7b5b50-06a6-4e7f-9244-fa37e52485ff.jpg"},
        {"제품코드":"PRODUCT00012","보관방법":"냉동","이미지":"6b80797f-86a7-4463-9488-97bebc86afab.jpg"},
        {"제품코드":"PRODUCT00013","보관방법":"냉동","이미지":"6dabbc85-2c8f-415d-8c79-c87cd077f748.jpg"},
        {"제품코드":"PRODUCT00014","보관방법":"상온","이미지":"6e54cfae-5b58-43ec-b1f6-184eaa208c28.jpg"},
        {"제품코드":"PRODUCT00015","보관방법":"상온","이미지":"7ce123df-5828-4a80-973d-10ed72b0816f.jpg"},
        {"제품코드":"PRODUCT00016","보관방법":"냉동","이미지":"8be392e9-1f96-4c66-8422-d6f0b8dd0a50.jpg"},
        {"제품코드":"PRODUCT00017","보관방법":"냉장","이미지":"3b195a7a-5341-4036-8d97-d2c46aed4c0a.jpg"},
        {"제품코드":"PRODUCT00018","보관방법":"냉동","이미지":"8f9e413e-6a87-4aa5-abe6-81bb8b793788.jpg"},
        {"제품코드":"PRODUCT00019","보관방법":"냉동","이미지":"3b195a7a-5341-4036-8d97-d2c46aed4c0a.jpg"},
        {"제품코드":"PRODUCT00021","보관방법":"냉장","이미지":"3b195a7a-5341-4036-8d97-d2c46aed4c0a.jpg"},
        {"제품코드":"PRODUCT00022","보관방법":"냉장","이미지":"3b195a7a-5341-4036-8d97-d2c46aed4c0a.jpg"},
        {"제품코드":"PRODUCT00023","보관방법":"냉장","이미지":"3b195a7a-5341-4036-8d97-d2c46aed4c0a.jpg"},
        {"제품코드":"PRODUCT00024","보관방법":"냉장","이미지":"3b195a7a-5341-4036-8d97-d2c46aed4c0a.jpg"},
        {"제품코드":"PRODUCT00025","보관방법":"냉장","이미지":"3b195a7a-5341-4036-8d97-d2c46aed4c0a.jpg"},
        {"제품코드":"PRODUCT00026","보관방법":"냉장","이미지":"3b195a7a-5341-4036-8d97-d2c46aed4c0a.jpg"},
        {"제품코드":"PRODUCT00027","보관방법":"냉장","이미지":"3b195a7a-5341-4036-8d97-d2c46aed4c0a.jpg"},
        {"제품코드":"PRODUCT00028","보관방법":"냉장","이미지":"3b195a7a-5341-4036-8d97-d2c46aed4c0a.jpg"}
    ]
}